,route,sharpe,sortino,std,neg std,min net,acc,mean net,frequency,periods
0,C:\Users\ramon\Documents\Trading\WorkingDir\binance\results\usdt\6h_4/LowestMomentum_2_RSISlopes_andSmothLimit_50/50_70_/efficientsemivariance/minsemivariance/4_6h_80,0.22501696086419035,0.36613696491696446,0.0264023126899837,0.016226081304392525,-0.0532809871003925,1.2366502513691262,0.0059409681612861785,6h,2
1,C:\Users\ramon\Documents\Trading\WorkingDir\binance\results\usdt\6h_4/LowestMomentum_2_RSISlopes_andSmothLimit_50/50_70_/efficientsemivariance/minsemivariance/4_6h_60,0.21412340285743972,0.3457872925610297,0.025682112654166634,0.01590324882487607,-0.0532809871003925,1.2169554811232082,0.005499141354078273,6h,2
2,C:\Users\ramon\Documents\Trading\WorkingDir\binance\results\usdt\6h_4/LowestMomentum_2_RSISlopes_andSmothLimit_50/50_70_/efficientsemivariance/minsemivariance/4_6h_40,0.21332398070688988,0.3543403554917373,0.02702504250341211,0.016269921154197176,-0.0532809871003925,1.2145489231394415,0.005765089645600764,6h,2
3,C:\Users\ramon\Documents\Trading\WorkingDir\binance\results\usdt\6h_4/LowestMomentum_2_RSISlopes_andSmothLimit_50/50_70_/efficientfrontier/minvol/4_6h_80,0.19863248962019597,0.31028643335062,0.025740754809918217,0.016478162314043285,-0.0532809871003925,1.205001921499667,0.00511295021259709,6h,2
4,C:\Users\ramon\Documents\Trading\WorkingDir\binance\results\usdt\6h_4/LowestMomentum_2_RSISlopes_andSmothLimit_50/50_70_/efficientfrontier/minvol/4_6h_60,0.1830961350483737,0.2722765296012843,0.024556260355371704,0.016513198434305865,-0.0532809871003925,1.177761696985507,0.004496156362310162,6h,2
5,C:\Users\ramon\Documents\Trading\WorkingDir\binance\results\usdt\6h_4/LowestMomentum_2_RSISlopes_andSmothLimit_50/50_70_/efficientfrontier/minvol/4_6h_40,0.16012950103831955,0.24761234711846747,0.024609219054953283,0.01591464244037478,-0.0532809871003925,1.152565667154748,0.003940661968212375,6h,2
0,C:\Users\ramon\Documents\Trading\WorkingDir\binance\results\usdt\6h_4/LowestMomentum_2_RSISlopes_andSmothLimit_60/50_70_/efficientsemivariance/minsemivariance/4_6h_60,0.17994552501368363,0.32603387464495165,0.026081474737524035,0.014394960247262023,-0.0532809871003925,1.2327518172419554,0.004693244664774889,6h,2
1,C:\Users\ramon\Documents\Trading\WorkingDir\binance\results\usdt\6h_4/LowestMomentum_2_RSISlopes_andSmothLimit_60/50_70_/efficientsemivariance/minsemivariance/4_6h_80,0.16941871389031177,0.29261090001406814,0.02652649292899882,0.015358567694625739,-0.0532809871003925,1.2203697749284237,0.00449408431605143,6h,2
2,C:\Users\ramon\Documents\Trading\WorkingDir\binance\results\usdt\6h_4/LowestMomentum_2_RSISlopes_andSmothLimit_60/50_70_/efficientfrontier/minvol/4_6h_40,0.17018446938790582,0.28451180329758385,0.024988470608246376,0.014947181670461841,-0.0532809871003925,1.2132152951597537,0.00425264961127969,6h,2
3,C:\Users\ramon\Documents\Trading\WorkingDir\binance\results\usdt\6h_4/LowestMomentum_2_RSISlopes_andSmothLimit_60/50_70_/efficientfrontier/minvol/4_6h_60,0.16489648915922225,0.2697817017361351,0.025238985993553974,0.015426621425742134,-0.0532809871003925,1.2075159443084365,0.004161820180275835,6h,2
4,C:\Users\ramon\Documents\Trading\WorkingDir\binance\results\usdt\6h_4/LowestMomentum_2_RSISlopes_andSmothLimit_60/50_70_/efficientfrontier/minvol/4_6h_80,0.157708679277008,0.25306008901599014,0.025717784738095474,0.016027489284251174,-0.0532809871003925,1.2005854781808512,0.00405591786497543,6h,2
5,C:\Users\ramon\Documents\Trading\WorkingDir\binance\results\usdt\6h_4/LowestMomentum_2_RSISlopes_andSmothLimit_60/50_70_/efficientsemivariance/minsemivariance/4_6h_40,0.1596247584410254,0.29761459401131657,0.0259360498623559,0.013910728094320299,-0.0532809871003925,1.196229349673702,0.004140035694192951,6h,2
0,C:\Users\ramon\Documents\Trading\WorkingDir\binance\results\usdt\6h_4/LowestMomentum_2_RSISlopes_andSmothLimit_70/50_70_/efficientsemivariance/minsemivariance/4_6h_60,0.22140104656187892,0.40224830832200487,0.025487564134790835,0.01402858199030244,-0.0532809871003925,1.304671648615719,0.005642973373755701,6h,2
1,C:\Users\ramon\Documents\Trading\WorkingDir\binance\results\usdt\6h_4/LowestMomentum_2_RSISlopes_andSmothLimit_70/50_70_/efficientsemivariance/minsemivariance/4_6h_80,0.20235195779545845,0.3423673703014921,0.02595809087862074,0.015342205378087828,-0.0532809871003925,1.2787877023839669,0.005252670509921339,6h,2
2,C:\Users\ramon\Documents\Trading\WorkingDir\binance\results\usdt\6h_4/LowestMomentum_2_RSISlopes_andSmothLimit_70/50_70_/efficientsemivariance/minsemivariance/4_6h_40,0.2085801158553124,0.4064066815484806,0.025237838314768196,0.012952816670175813,-0.0532809871003925,1.274413655514928,0.005264111239631992,6h,2
3,C:\Users\ramon\Documents\Trading\WorkingDir\binance\results\usdt\6h_4/LowestMomentum_2_RSISlopes_andSmothLimit_70/50_70_/efficientfrontier/minvol/4_6h_40,0.18378158160804026,0.31914456864677543,0.023955975185879864,0.013795212079879623,-0.0532809871003925,1.2337145943660284,0.004402667008623968,6h,2
4,C:\Users\ramon\Documents\Trading\WorkingDir\binance\results\usdt\6h_4/LowestMomentum_2_RSISlopes_andSmothLimit_70/50_70_/efficientfrontier/minvol/4_6h_80,0.1759750701583089,0.2814595042226105,0.024829227681128593,0.015523814323596142,-0.0532809871003925,1.230339903675294,0.00436932508316323,6h,2
5,C:\Users\ramon\Documents\Trading\WorkingDir\binance\results\usdt\6h_4/LowestMomentum_2_RSISlopes_andSmothLimit_70/50_70_/efficientfrontier/minvol/4_6h_60,0.1754204637662241,0.2931608033657276,0.024283344033294744,0.0145305764727391,-0.0532809871003925,1.2243391253092202,0.004259795472115335,6h,2
0,C:\Users\ramon\Documents\Trading\WorkingDir\binance\results\usdt\6h_4/LowestMomentum_2_RSISlopes_andSmothLimit_80/50_70_/efficientsemivariance/minsemivariance/4_6h_60,0.24213885412027006,0.44375134389590454,0.026088737874933814,0.014235668649518347,-0.0532809871003925,1.3562108958558785,0.006317097094480563,6h,2
1,C:\Users\ramon\Documents\Trading\WorkingDir\binance\results\usdt\6h_4/LowestMomentum_2_RSISlopes_andSmothLimit_80/50_70_/efficientsemivariance/minsemivariance/4_6h_40,0.24365369406221052,0.4766410324471044,0.026050741536313857,0.013316854773906064,-0.0532809871003925,1.342188850577535,0.006347359408382737,6h,2
2,C:\Users\ramon\Documents\Trading\WorkingDir\binance\results\usdt\6h_4/LowestMomentum_2_RSISlopes_andSmothLimit_80/50_70_/efficientsemivariance/minsemivariance/4_6h_80,0.224409679211995,0.3934614984112669,0.026806405409912897,0.015288959308992918,-0.0532809871003925,1.3268305932412237,0.006015616838865241,6h,2
3,C:\Users\ramon\Documents\Trading\WorkingDir\binance\results\usdt\6h_4/LowestMomentum_2_RSISlopes_andSmothLimit_80/50_70_/efficientfrontier/minvol/4_6h_80,0.21619819271682691,0.34865405613599965,0.02555081361269208,0.01584389921267333,-0.0532809871003925,1.3034622414614232,0.005524039725508527,6h,2
4,C:\Users\ramon\Documents\Trading\WorkingDir\binance\results\usdt\6h_4/LowestMomentum_2_RSISlopes_andSmothLimit_80/50_70_/efficientfrontier/minvol/4_6h_60,0.2121943925041473,0.3566430033412498,0.024831752069159427,0.014774321929111706,-0.0532809871003925,1.287869054672376,0.005269158545128887,6h,2
5,C:\Users\ramon\Documents\Trading\WorkingDir\binance\results\usdt\6h_4/LowestMomentum_2_RSISlopes_andSmothLimit_80/50_70_/efficientfrontier/minvol/4_6h_40,0.21248716671186582,0.3642167377197288,0.024065136894201224,0.01403980714119998,-0.0532809871003925,1.2788827414433506,0.005113532755182009,6h,2
0,C:\Users\ramon\Documents\Trading\WorkingDir\binance\results\usdt\6h_4/LowestMomentum_2_RSISlopes_andSmothLimit_90/50_70_/efficientsemivariance/minsemivariance/4_6h_60,0.24229393989301654,0.4440298606538536,0.026085118933313788,0.014233876590244735,-0.0532809871003925,1.356435194589693,0.006320266238930518,6h,2
1,C:\Users\ramon\Documents\Trading\WorkingDir\binance\results\usdt\6h_4/LowestMomentum_2_RSISlopes_andSmothLimit_90/50_70_/efficientsemivariance/minsemivariance/4_6h_40,0.2445695266365094,0.47942010838602744,0.026029819002216813,0.01327875155933222,-0.0532809871003925,1.3434499098060468,0.006366100511806184,6h,2
2,C:\Users\ramon\Documents\Trading\WorkingDir\binance\results\usdt\6h_4/LowestMomentum_2_RSISlopes_andSmothLimit_90/50_70_/efficientsemivariance/minsemivariance/4_6h_80,0.22437832868104576,0.39342458710410916,0.026812092025982254,0.015291500822342624,-0.0532809871003925,1.3268495125521094,0.006016052397232292,6h,2
3,C:\Users\ramon\Documents\Trading\WorkingDir\binance\results\usdt\6h_4/LowestMomentum_2_RSISlopes_andSmothLimit_90/50_70_/efficientfrontier/minvol/4_6h_80,0.21619819271682691,0.34865405613599965,0.02555081361269208,0.01584389921267333,-0.0532809871003925,1.3034622414614232,0.005524039725508527,6h,2
4,C:\Users\ramon\Documents\Trading\WorkingDir\binance\results\usdt\6h_4/LowestMomentum_2_RSISlopes_andSmothLimit_90/50_70_/efficientfrontier/minvol/4_6h_60,0.2121943925041473,0.3566430033412498,0.024831752069159427,0.014774321929111706,-0.0532809871003925,1.287869054672376,0.005269158545128887,6h,2
5,C:\Users\ramon\Documents\Trading\WorkingDir\binance\results\usdt\6h_4/LowestMomentum_2_RSISlopes_andSmothLimit_90/50_70_/efficientfrontier/minvol/4_6h_40,0.21248716671186582,0.3642167377197288,0.024065136894201224,0.01403980714119998,-0.0532809871003925,1.2788827414433506,0.005113532755182009,6h,2
0,C:\Users\ramon\Documents\Trading\WorkingDir\binance\results\usdt\6h_4/LowestMomentum_3_RSISlopes_andSmothLimit_50/50_70_/efficientfrontier/minvol/4_6h_60,0.25452430853920927,0.48683014864025287,0.028113141377209563,0.014698099306061871,-0.042607767663708,1.2927293600766967,0.007155477869899298,6h,3
1,C:\Users\ramon\Documents\Trading\WorkingDir\binance\results\usdt\6h_4/LowestMomentum_3_RSISlopes_andSmothLimit_50/50_70_/efficientfrontier/minvol/4_6h_80,0.24451124910424635,0.4733585127817195,0.028845315662842364,0.014899920405107894,-0.0425323665175762,1.2868116494197337,0.007053004163527868,6h,3
2,C:\Users\ramon\Documents\Trading\WorkingDir\binance\results\usdt\6h_4/LowestMomentum_3_RSISlopes_andSmothLimit_50/50_70_/efficientsemivariance/minsemivariance/4_6h_60,0.2632744796543663,0.46772196363395935,0.026653502665699772,0.015002902559371886,-0.0426381442914714,1.2792114559022,0.0070171870452783724,6h,3
3,C:\Users\ramon\Documents\Trading\WorkingDir\binance\results\usdt\6h_4/LowestMomentum_3_RSISlopes_andSmothLimit_50/50_70_/efficientsemivariance/minsemivariance/4_6h_40,0.26049920855744296,0.4570758897631707,0.026044308108555146,0.014843315522987096,-0.0426829268292682,1.2772340694671047,0.00678452164970481,6h,3
4,C:\Users\ramon\Documents\Trading\WorkingDir\binance\results\usdt\6h_4/LowestMomentum_3_RSISlopes_andSmothLimit_50/50_70_/efficientsemivariance/minsemivariance/4_6h_80,0.2594717159696791,0.43606645252267867,0.026147847834166512,0.015558699613775933,-0.0425432395112632,1.2771168879792272,0.006784626946445242,6h,3
5,C:\Users\ramon\Documents\Trading\WorkingDir\binance\results\usdt\6h_4/LowestMomentum_3_RSISlopes_andSmothLimit_50/50_70_/efficientfrontier/minvol/4_6h_40,0.22461872940823513,0.374128939085122,0.024037727059772394,0.014431718976968981,-0.0426829268292682,1.214208958939644,0.005399323710028027,6h,3
0,C:\Users\ramon\Documents\Trading\WorkingDir\binance\results\usdt\6h_4/LowestMomentum_3_RSISlopes_andSmothLimit_60/50_70_/efficientfrontier/minvol/4_6h_80,0.3365383392508133,0.6798356127287214,0.0278484418444244,0.01378578614237032,-0.0425323665175762,1.4835170876770254,0.009372068369045443,6h,3
1,C:\Users\ramon\Documents\Trading\WorkingDir\binance\results\usdt\6h_4/LowestMomentum_3_RSISlopes_andSmothLimit_60/50_70_/efficientfrontier/minvol/4_6h_60,0.3215312712278286,0.6514480613640482,0.027128617546731407,0.01338970733628391,-0.042607767663708,1.443245415320333,0.008722698886454126,6h,3
2,C:\Users\ramon\Documents\Trading\WorkingDir\binance\results\usdt\6h_4/LowestMomentum_3_RSISlopes_andSmothLimit_60/50_70_/efficientsemivariance/minsemivariance/4_6h_40,0.32902655841176914,0.664921827465141,0.026646302586333444,0.013185521774496944,-0.0426829268292682,1.4226412687501042,0.008767341234379916,6h,3
3,C:\Users\ramon\Documents\Trading\WorkingDir\binance\results\usdt\6h_4/LowestMomentum_3_RSISlopes_andSmothLimit_60/50_70_/efficientsemivariance/minsemivariance/4_6h_80,0.33140378209159627,0.5656749311313342,0.02533816810194351,0.014844505701291422,-0.0425432395112632,1.4026717066385204,0.008397164740256723,6h,3
4,C:\Users\ramon\Documents\Trading\WorkingDir\binance\results\usdt\6h_4/LowestMomentum_3_RSISlopes_andSmothLimit_60/50_70_/efficientfrontier/minvol/4_6h_40,0.31179065415991375,0.5693101328081329,0.024011034281027757,0.013149978639253919,-0.0426829268292682,1.3717666324872115,0.007486416085537759,6h,3
5,C:\Users\ramon\Documents\Trading\WorkingDir\binance\results\usdt\6h_4/LowestMomentum_3_RSISlopes_andSmothLimit_60/50_70_/efficientsemivariance/minsemivariance/4_6h_60,0.30926927863043147,0.5571952630313426,0.024446510964470824,0.013568950263289548,-0.0426381442914714,1.3656768215076154,0.007560554811012825,6h,3
0,C:\Users\ramon\Documents\Trading\WorkingDir\binance\results\usdt\6h_4/LowestMomentum_3_RSISlopes_andSmothLimit_70/50_70_/efficientfrontier/minvol/4_6h_80,0.4056538787205747,0.8832398474754767,0.026810044617967023,0.012313301555670533,-0.0425323665175762,1.619438631951779,0.010875598587949991,6h,3
1,C:\Users\ramon\Documents\Trading\WorkingDir\binance\results\usdt\6h_4/LowestMomentum_3_RSISlopes_andSmothLimit_70/50_70_/efficientfrontier/minvol/4_6h_60,0.39324504190169035,0.8905511082605395,0.026126301448282555,0.011536719692409046,-0.042607767663708,1.576894124769298,0.010274038507766066,6h,3
2,C:\Users\ramon\Documents\Trading\WorkingDir\binance\results\usdt\6h_4/LowestMomentum_3_RSISlopes_andSmothLimit_70/50_70_/efficientsemivariance/minsemivariance/4_6h_80,0.4415335154420945,0.8109555135974974,0.0238163054938575,0.012967045557032911,-0.0425432395112632,1.565894524736415,0.010515697089545771,6h,3
3,C:\Users\ramon\Documents\Trading\WorkingDir\binance\results\usdt\6h_4/LowestMomentum_3_RSISlopes_andSmothLimit_70/50_70_/efficientsemivariance/minsemivariance/4_6h_40,0.4049300832220146,0.8863138475010351,0.02564279684321819,0.011715420997929774,-0.0426829268292682,1.5540542476392427,0.010383539859769555,6h,3
4,C:\Users\ramon\Documents\Trading\WorkingDir\binance\results\usdt\6h_4/LowestMomentum_3_RSISlopes_andSmothLimit_70/50_70_/efficientsemivariance/minsemivariance/4_6h_60,0.3972820380589375,0.8015227308081723,0.02340541685992713,0.011601107934088375,-0.0426381442914714,1.4990192918825214,0.009298551711730869,6h,3
5,C:\Users\ramon\Documents\Trading\WorkingDir\binance\results\usdt\6h_4/LowestMomentum_3_RSISlopes_andSmothLimit_70/50_70_/efficientfrontier/minvol/4_6h_40,0.38438902296886435,0.7450488861771403,0.023333286007447197,0.012038215447950147,-0.0426829268292682,1.490098166662254,0.008969059011055701,6h,3
0,C:\Users\ramon\Documents\Trading\WorkingDir\binance\results\usdt\6h_4/LowestMomentum_3_RSISlopes_andSmothLimit_80/50_70_/efficientfrontier/minvol/4_6h_80,0.40509098613651096,0.8808915876886718,0.02682172848842773,0.012334367355887357,-0.0425323665175762,1.6186524806321927,0.010865240443262938,6h,3
1,C:\Users\ramon\Documents\Trading\WorkingDir\binance\results\usdt\6h_4/LowestMomentum_3_RSISlopes_andSmothLimit_80/50_70_/efficientfrontier/minvol/4_6h_60,0.3927243765040608,0.8884142846054736,0.026136528759188215,0.011553677308881719,-0.042607767663708,1.5761868743813727,0.010264451960932645,6h,3
2,C:\Users\ramon\Documents\Trading\WorkingDir\binance\results\usdt\6h_4/LowestMomentum_3_RSISlopes_andSmothLimit_80/50_70_/efficientsemivariance/minsemivariance/4_6h_40,0.4010745107878453,0.8727921971909032,0.02572616509760972,0.011821953855889376,-0.0426829268292682,1.5494889544754291,0.01031810908097116,6h,3
3,C:\Users\ramon\Documents\Trading\WorkingDir\binance\results\usdt\6h_4/LowestMomentum_3_RSISlopes_andSmothLimit_80/50_70_/efficientsemivariance/minsemivariance/4_6h_80,0.4207594653558949,0.7978125699335682,0.0241539135623015,0.012738565597647482,-0.0425432395112632,1.541487016051451,0.010162987756726478,6h,3
4,C:\Users\ramon\Documents\Trading\WorkingDir\binance\results\usdt\6h_4/LowestMomentum_3_RSISlopes_andSmothLimit_80/50_70_/efficientsemivariance/minsemivariance/4_6h_60,0.39062093675847726,0.7819293271129168,0.023528320835692187,0.011753817648874138,-0.0426381442914714,1.4916342158195892,0.009190654725192081,6h,3
5,C:\Users\ramon\Documents\Trading\WorkingDir\binance\results\usdt\6h_4/LowestMomentum_3_RSISlopes_andSmothLimit_80/50_70_/efficientfrontier/minvol/4_6h_40,0.3832487198604013,0.741336010497316,0.02335537791541971,0.01207403736119048,-0.0426829268292682,1.488831394977611,0.008950918687940491,6h,3
0,C:\Users\ramon\Documents\Trading\WorkingDir\binance\results\usdt\6h_4/LowestMomentum_3_RSISlopes_andSmothLimit_90/50_70_/efficientfrontier/minvol/4_6h_80,0.40509098613651096,0.8808915876886718,0.02682172848842773,0.012334367355887357,-0.0425323665175762,1.6186524806321927,0.010865240443262938,6h,3
1,C:\Users\ramon\Documents\Trading\WorkingDir\binance\results\usdt\6h_4/LowestMomentum_3_RSISlopes_andSmothLimit_90/50_70_/efficientfrontier/minvol/4_6h_60,0.3927243765040608,0.8884142846054736,0.026136528759188215,0.011553677308881719,-0.042607767663708,1.5761868743813727,0.010264451960932645,6h,3
2,C:\Users\ramon\Documents\Trading\WorkingDir\binance\results\usdt\6h_4/LowestMomentum_3_RSISlopes_andSmothLimit_90/50_70_/efficientsemivariance/minsemivariance/4_6h_40,0.4007818502389939,0.8731494839788299,0.02572970160431766,0.011810116829119791,-0.0426829268292682,1.5490705616869105,0.01031199741507564,6h,3
3,C:\Users\ramon\Documents\Trading\WorkingDir\binance\results\usdt\6h_4/LowestMomentum_3_RSISlopes_andSmothLimit_90/50_70_/efficientsemivariance/minsemivariance/4_6h_80,0.4198730535689732,0.7974385481300426,0.024154056743402368,0.012717766885877644,-0.0425432395112632,1.5400538487072335,0.0101416375609306,6h,3
4,C:\Users\ramon\Documents\Trading\WorkingDir\binance\results\usdt\6h_4/LowestMomentum_3_RSISlopes_andSmothLimit_90/50_70_/efficientsemivariance/minsemivariance/4_6h_60,0.39102039590050874,0.7829462723122264,0.023528838163788843,0.011750813483935713,-0.0426381442914714,1.492272132212124,0.009200255613883712,6h,3
5,C:\Users\ramon\Documents\Trading\WorkingDir\binance\results\usdt\6h_4/LowestMomentum_3_RSISlopes_andSmothLimit_90/50_70_/efficientfrontier/minvol/4_6h_40,0.3832487198604013,0.741336010497316,0.02335537791541971,0.01207403736119048,-0.0426829268292682,1.488831394977611,0.008950918687940491,6h,3
0,C:\Users\ramon\Documents\Trading\WorkingDir\binance\results\usdt\6h_4/LowestMomentum_4_RSISlopes_andSmothLimit_50/50_70_/efficientsemivariance/minsemivariance/4_6h_40,0.45426656392349213,1.0978584604093309,0.02539037805993121,0.010505907832329298,-0.0289193302891933,1.4617140211409323,0.011533999798003373,6h,4
1,C:\Users\ramon\Documents\Trading\WorkingDir\binance\results\usdt\6h_4/LowestMomentum_4_RSISlopes_andSmothLimit_50/50_70_/efficientfrontier/minvol/4_6h_60,0.41106190969431067,1.0357101139837281,0.026805577893238564,0.010638837924322282,-0.0297136536666698,1.4503871636629355,0.01101875203925424,6h,4
2,C:\Users\ramon\Documents\Trading\WorkingDir\binance\results\usdt\6h_4/LowestMomentum_4_RSISlopes_andSmothLimit_50/50_70_/efficientsemivariance/minsemivariance/4_6h_60,0.44567495416807607,1.0521974673213719,0.024537808474020005,0.010393378625861828,-0.0289106392694064,1.4488699227778197,0.010935886667043895,6h,4
3,C:\Users\ramon\Documents\Trading\WorkingDir\binance\results\usdt\6h_4/LowestMomentum_4_RSISlopes_andSmothLimit_50/50_70_/efficientsemivariance/minsemivariance/4_6h_80,0.437884095128428,1.0258432144679923,0.02569012196899945,0.01096590166360677,-0.0288473022420604,1.4474534444386526,0.011249295812134274,6h,4
4,C:\Users\ramon\Documents\Trading\WorkingDir\binance\results\usdt\6h_4/LowestMomentum_4_RSISlopes_andSmothLimit_50/50_70_/efficientfrontier/minvol/4_6h_40,0.3874049315551485,0.9797518571422646,0.02714720620739805,0.010734311434087367,-0.0292455271270284,1.4249638998772314,0.010516961562690543,6h,4
5,C:\Users\ramon\Documents\Trading\WorkingDir\binance\results\usdt\6h_4/LowestMomentum_4_RSISlopes_andSmothLimit_50/50_70_/efficientfrontier/minvol/4_6h_80,0.3897575759424426,0.9279576885058761,0.026300083024307322,0.011046469826812687,-0.0323118737814311,1.4128499108671493,0.010250656606639007,6h,4
0,C:\Users\ramon\Documents\Trading\WorkingDir\binance\results\usdt\6h_4/LowestMomentum_4_RSISlopes_andSmothLimit_60/50_70_/efficientsemivariance/minsemivariance/4_6h_40,0.37733971118943166,0.7941728509691962,0.022828590811934318,0.010846673810776147,-0.0312279188020078,1.4070866677497345,0.008614133863837008,6h,4
1,C:\Users\ramon\Documents\Trading\WorkingDir\binance\results\usdt\6h_4/LowestMomentum_4_RSISlopes_andSmothLimit_60/50_70_/efficientfrontier/minvol/4_6h_60,0.3524234273582722,0.754461640698077,0.02380182264881753,0.011118285493625101,-0.0314663231515843,1.404479094451305,0.008388319915270023,6h,4
2,C:\Users\ramon\Documents\Trading\WorkingDir\binance\results\usdt\6h_4/LowestMomentum_4_RSISlopes_andSmothLimit_60/50_70_/efficientfrontier/minvol/4_6h_80,0.3558385735180269,0.7027535682087462,0.023254638888183948,0.011774963378329274,-0.0323118737814311,1.3985044564134463,0.00827489752964821,6h,4
3,C:\Users\ramon\Documents\Trading\WorkingDir\binance\results\usdt\6h_4/LowestMomentum_4_RSISlopes_andSmothLimit_60/50_70_/efficientsemivariance/minsemivariance/4_6h_80,0.3823270741866129,0.6958639518493739,0.021714031513303544,0.01193029487332068,-0.0312201968702151,1.3906733824418198,0.008301862137277254,6h,4
4,C:\Users\ramon\Documents\Trading\WorkingDir\binance\results\usdt\6h_4/LowestMomentum_4_RSISlopes_andSmothLimit_60/50_70_/efficientsemivariance/minsemivariance/4_6h_60,0.36739979281359164,0.7110964330482938,0.021652052219405464,0.011186892704970686,-0.0318652770691479,1.3818672205678582,0.007954959499398635,6h,4
5,C:\Users\ramon\Documents\Trading\WorkingDir\binance\results\usdt\6h_4/LowestMomentum_4_RSISlopes_andSmothLimit_60/50_70_/efficientfrontier/minvol/4_6h_40,0.33278804830139413,0.7297697786670433,0.02393886699791383,0.010916550752942508,-0.0307234418158445,1.3798144337105542,0.007966568826782398,6h,4
0,C:\Users\ramon\Documents\Trading\WorkingDir\binance\results\usdt\6h_4/LowestMomentum_4_RSISlopes_andSmothLimit_70/50_70_/efficientsemivariance/minsemivariance/4_6h_60,0.4685278782851332,0.9532212052769772,0.021225449824149773,0.010432746267815993,-0.0289106392694064,1.516391209298747,0.009944714971756446,6h,4
1,C:\Users\ramon\Documents\Trading\WorkingDir\binance\results\usdt\6h_4/LowestMomentum_4_RSISlopes_andSmothLimit_70/50_70_/efficientsemivariance/minsemivariance/4_6h_40,0.44743536863213207,0.9923327115528895,0.022784154396205434,0.010273204140660082,-0.0289193302891933,1.515368550881004,0.01019443652123759,6h,4
2,C:\Users\ramon\Documents\Trading\WorkingDir\binance\results\usdt\6h_4/LowestMomentum_4_RSISlopes_andSmothLimit_70/50_70_/efficientsemivariance/minsemivariance/4_6h_80,0.46007877171269196,0.8575483521929046,0.02157642011876695,0.011575852068066569,-0.0288473022420604,1.500195866453952,0.009926852866199314,6h,4
3,C:\Users\ramon\Documents\Trading\WorkingDir\binance\results\usdt\6h_4/LowestMomentum_4_RSISlopes_andSmothLimit_70/50_70_/efficientfrontier/minvol/4_6h_60,0.40553400106581555,0.931616176971711,0.02326632737444996,0.010127869248619017,-0.0297136536666698,1.4812683944529117,0.009435286830267803,6h,4
4,C:\Users\ramon\Documents\Trading\WorkingDir\binance\results\usdt\6h_4/LowestMomentum_4_RSISlopes_andSmothLimit_70/50_70_/efficientfrontier/minvol/4_6h_80,0.4026365500002046,0.8164740220452558,0.022829039354852768,0.011257927867235106,-0.0323118737814311,1.466498804944802,0.009191805645656815,6h,4
5,C:\Users\ramon\Documents\Trading\WorkingDir\binance\results\usdt\6h_4/LowestMomentum_4_RSISlopes_andSmothLimit_70/50_70_/efficientfrontier/minvol/4_6h_40,0.3852120952930979,0.909228756495178,0.023585250654119705,0.009992341044631866,-0.0292455271270284,1.4588784762109723,0.00908532382248636,6h,4
0,C:\Users\ramon\Documents\Trading\WorkingDir\binance\results\usdt\6h_4/LowestMomentum_4_RSISlopes_andSmothLimit_80/50_70_/efficientsemivariance/minsemivariance/4_6h_60,0.46939778007396415,0.954410099765292,0.021226946864942028,0.010439832665855164,-0.0289106392694064,1.5176272495587817,0.009963881736151781,6h,4
1,C:\Users\ramon\Documents\Trading\WorkingDir\binance\results\usdt\6h_4/LowestMomentum_4_RSISlopes_andSmothLimit_80/50_70_/efficientsemivariance/minsemivariance/4_6h_40,0.4468558275691816,0.9939638846197063,0.022789884397353546,0.010245636496623566,-0.0289193302891933,1.5146900564620178,0.010183792652585398,6h,4
2,C:\Users\ramon\Documents\Trading\WorkingDir\binance\results\usdt\6h_4/LowestMomentum_4_RSISlopes_andSmothLimit_80/50_70_/efficientsemivariance/minsemivariance/4_6h_80,0.4603526833964792,0.8567670118408719,0.02157386447269754,0.011591933704238935,-0.0288473022420604,1.5004945785083996,0.009931586401238281,6h,4
3,C:\Users\ramon\Documents\Trading\WorkingDir\binance\results\usdt\6h_4/LowestMomentum_4_RSISlopes_andSmothLimit_80/50_70_/efficientfrontier/minvol/4_6h_60,0.40553400106581555,0.931616176971711,0.02326632737444996,0.010127869248619017,-0.0297136536666698,1.4812683944529117,0.009435286830267803,6h,4
4,C:\Users\ramon\Documents\Trading\WorkingDir\binance\results\usdt\6h_4/LowestMomentum_4_RSISlopes_andSmothLimit_80/50_70_/efficientfrontier/minvol/4_6h_80,0.4026365500002046,0.8164740220452558,0.022829039354852768,0.011257927867235106,-0.0323118737814311,1.466498804944802,0.009191805645656815,6h,4
5,C:\Users\ramon\Documents\Trading\WorkingDir\binance\results\usdt\6h_4/LowestMomentum_4_RSISlopes_andSmothLimit_80/50_70_/efficientfrontier/minvol/4_6h_40,0.3852120952930979,0.909228756495178,0.023585250654119705,0.009992341044631866,-0.0292455271270284,1.4588784762109723,0.00908532382248636,6h,4
0,C:\Users\ramon\Documents\Trading\WorkingDir\binance\results\usdt\6h_4/LowestMomentum_4_RSISlopes_andSmothLimit_90/50_70_/efficientsemivariance/minsemivariance/4_6h_60,0.4694244137819142,0.954469549127187,0.021227064645537117,0.010439832665855164,-0.0289106392694064,1.5176671917899565,0.009964502377542057,6h,4
1,C:\Users\ramon\Documents\Trading\WorkingDir\binance\results\usdt\6h_4/LowestMomentum_4_RSISlopes_andSmothLimit_90/50_70_/efficientsemivariance/minsemivariance/4_6h_40,0.4473727779234866,0.9924885816612675,0.02278174646171378,0.010269068469750842,-0.0289193302891933,1.5152141290350938,0.010191933200525456,6h,4
2,C:\Users\ramon\Documents\Trading\WorkingDir\binance\results\usdt\6h_4/LowestMomentum_4_RSISlopes_andSmothLimit_90/50_70_/efficientsemivariance/minsemivariance/4_6h_80,0.46035603594747976,0.8567735080705599,0.021573870938091093,0.011591933704238935,-0.0288473022420604,1.5004992691562151,0.009931661705102152,6h,4
3,C:\Users\ramon\Documents\Trading\WorkingDir\binance\results\usdt\6h_4/LowestMomentum_4_RSISlopes_andSmothLimit_90/50_70_/efficientfrontier/minvol/4_6h_60,0.40553400106581555,0.931616176971711,0.02326632737444996,0.010127869248619017,-0.0297136536666698,1.4812683944529117,0.009435286830267803,6h,4
4,C:\Users\ramon\Documents\Trading\WorkingDir\binance\results\usdt\6h_4/LowestMomentum_4_RSISlopes_andSmothLimit_90/50_70_/efficientfrontier/minvol/4_6h_80,0.4026365500002046,0.8164740220452558,0.022829039354852768,0.011257927867235106,-0.0323118737814311,1.466498804944802,0.009191805645656815,6h,4
5,C:\Users\ramon\Documents\Trading\WorkingDir\binance\results\usdt\6h_4/LowestMomentum_4_RSISlopes_andSmothLimit_90/50_70_/efficientfrontier/minvol/4_6h_40,0.3852120952930979,0.909228756495178,0.023585250654119705,0.009992341044631866,-0.0292455271270284,1.4588784762109723,0.00908532382248636,6h,4
0,C:\Users\ramon\Documents\Trading\WorkingDir\binance\results\usdt\6h_4/LowestMomentum_5_RSISlopes_andSmothLimit_50/50_70_/efficientfrontier/minvol/4_6h_80,0.32674084926337604,0.539636146755806,0.022411117898524485,0.013569564861671773,-0.0342164577955148,1.280144826753773,0.007322627695105537,6h,5
1,C:\Users\ramon\Documents\Trading\WorkingDir\binance\results\usdt\6h_4/LowestMomentum_5_RSISlopes_andSmothLimit_50/50_70_/efficientfrontier/minvol/4_6h_60,0.32635697064341507,0.5375590174134856,0.020891653209207897,0.012683512753438606,-0.0308121917658735,1.259257917215697,0.006818136653089869,6h,5
2,C:\Users\ramon\Documents\Trading\WorkingDir\binance\results\usdt\6h_4/LowestMomentum_5_RSISlopes_andSmothLimit_50/50_70_/efficientsemivariance/minsemivariance/4_6h_80,0.3210838264961983,0.5271066715202134,0.020911250560673316,0.012737961231788894,-0.0352901285655011,1.2546899416324773,0.006714264346841761,6h,5
3,C:\Users\ramon\Documents\Trading\WorkingDir\binance\results\usdt\6h_4/LowestMomentum_5_RSISlopes_andSmothLimit_50/50_70_/efficientsemivariance/minsemivariance/4_6h_60,0.3097305899568315,0.5105186370778272,0.02001348965774932,0.01214214234032881,-0.0313604177421243,1.233143429301807,0.006198789958789643,6h,5
4,C:\Users\ramon\Documents\Trading\WorkingDir\binance\results\usdt\6h_4/LowestMomentum_5_RSISlopes_andSmothLimit_50/50_70_/efficientfrontier/minvol/4_6h_40,0.2967369683436458,0.4892922298596538,0.020115107047237332,0.012199040816195264,-0.0311152786383803,1.2232429153803084,0.005968895883105112,6h,5
5,C:\Users\ramon\Documents\Trading\WorkingDir\binance\results\usdt\6h_4/LowestMomentum_5_RSISlopes_andSmothLimit_50/50_70_/efficientsemivariance/minsemivariance/4_6h_40,0.29776005248238674,0.5041473032155884,0.019805850206402624,0.01169775373051006,-0.0312044201306509,1.213511412135257,0.0058973909969167355,6h,5
0,C:\Users\ramon\Documents\Trading\WorkingDir\binance\results\usdt\6h_4/LowestMomentum_5_RSISlopes_andSmothLimit_60/50_70_/efficientfrontier/minvol/4_6h_80,0.28724617168893696,0.4708710990537237,0.02232493363400086,0.01361891127415462,-0.0342164577955148,1.255699454814322,0.006412751719576335,6h,5
1,C:\Users\ramon\Documents\Trading\WorkingDir\binance\results\usdt\6h_4/LowestMomentum_5_RSISlopes_andSmothLimit_60/50_70_/efficientfrontier/minvol/4_6h_60,0.30094617036126425,0.4766803088783074,0.020620399417928797,0.013018432103369221,-0.0308121917658735,1.2477710347047182,0.0062056302361453135,6h,5
2,C:\Users\ramon\Documents\Trading\WorkingDir\binance\results\usdt\6h_4/LowestMomentum_5_RSISlopes_andSmothLimit_60/50_70_/efficientsemivariance/minsemivariance/4_6h_80,0.29435081924038003,0.48588694717308983,0.021178691559117932,0.012830073429910292,-0.0352901285655011,1.2410815007401954,0.006233965210865685,6h,5
3,C:\Users\ramon\Documents\Trading\WorkingDir\binance\results\usdt\6h_4/LowestMomentum_5_RSISlopes_andSmothLimit_60/50_70_/efficientfrontier/minvol/4_6h_40,0.2822183079813732,0.452198532505823,0.019753332206902126,0.012328107217716582,-0.0311152786383803,1.2198889661624914,0.005574751992425883,6h,5
4,C:\Users\ramon\Documents\Trading\WorkingDir\binance\results\usdt\6h_4/LowestMomentum_5_RSISlopes_andSmothLimit_60/50_70_/efficientsemivariance/minsemivariance/4_6h_60,0.28123767739290384,0.45714157852061205,0.01989342582469303,0.01223861739382872,-0.0313604177421243,1.2141021821814044,0.00559478087432468,6h,5
5,C:\Users\ramon\Documents\Trading\WorkingDir\binance\results\usdt\6h_4/LowestMomentum_5_RSISlopes_andSmothLimit_60/50_70_/efficientsemivariance/minsemivariance/4_6h_40,0.22990159528060664,0.39165500958008975,0.020265143666436412,0.01189564474740031,-0.0312044201306509,1.1685516070638606,0.004658988857504413,6h,5
0,C:\Users\ramon\Documents\Trading\WorkingDir\binance\results\usdt\6h_4/LowestMomentum_5_RSISlopes_andSmothLimit_70/50_70_/efficientsemivariance/minsemivariance/4_6h_60,0.4981160376103535,0.8950983720715151,0.01907417845360852,0.010614648052588736,-0.03018222350274,1.4098238165123147,0.009501154191984256,6h,5
1,C:\Users\ramon\Documents\Trading\WorkingDir\binance\results\usdt\6h_4/LowestMomentum_5_RSISlopes_andSmothLimit_70/50_70_/efficientsemivariance/minsemivariance/4_6h_80,0.45106985184978143,0.8762578501877051,0.02052503517252792,0.010565639523229945,-0.0300033814963674,1.395925655154127,0.009258224574483722,6h,5
2,C:\Users\ramon\Documents\Trading\WorkingDir\binance\results\usdt\6h_4/LowestMomentum_5_RSISlopes_andSmothLimit_70/50_70_/efficientfrontier/minvol/4_6h_80,0.3941023459903649,0.7101593575798196,0.021574096475870407,0.011972526930770392,-0.0342164577955148,1.3679412748145297,0.008502402033762992,6h,5
3,C:\Users\ramon\Documents\Trading\WorkingDir\binance\results\usdt\6h_4/LowestMomentum_5_RSISlopes_andSmothLimit_70/50_70_/efficientfrontier/minvol/4_6h_60,0.4149803627221944,0.7369763202222439,0.019959897004392876,0.011239119998160553,-0.0308121917658735,1.358306721450498,0.008282965298780597,6h,5
4,C:\Users\ramon\Documents\Trading\WorkingDir\binance\results\usdt\6h_4/LowestMomentum_5_RSISlopes_andSmothLimit_70/50_70_/efficientsemivariance/minsemivariance/4_6h_40,0.38518541416913477,0.7290293042739954,0.020029902305891436,0.010582875297647077,-0.0302193818009319,1.3096673671189158,0.0077152262154621,6h,5
5,C:\Users\ramon\Documents\Trading\WorkingDir\binance\results\usdt\6h_4/LowestMomentum_5_RSISlopes_andSmothLimit_70/50_70_/efficientfrontier/minvol/4_6h_40,0.36751921093289547,0.6215406306268855,0.01978451290934286,0.01169865365969664,-0.0311152786383803,1.3075908618245606,0.007271188573133371,6h,5
0,C:\Users\ramon\Documents\Trading\WorkingDir\binance\results\usdt\6h_4/LowestMomentum_5_RSISlopes_andSmothLimit_80/50_70_/efficientsemivariance/minsemivariance/4_6h_60,0.4981160376103535,0.8950983720715151,0.01907417845360852,0.010614648052588736,-0.03018222350274,1.4098238165123147,0.009501154191984256,6h,5
1,C:\Users\ramon\Documents\Trading\WorkingDir\binance\results\usdt\6h_4/LowestMomentum_5_RSISlopes_andSmothLimit_80/50_70_/efficientsemivariance/minsemivariance/4_6h_80,0.4511845174109177,0.8770183848058822,0.020521892416825314,0.01055754393164005,-0.0299472023431644,1.3959768441521203,0.0092591601264441,6h,5
2,C:\Users\ramon\Documents\Trading\WorkingDir\binance\results\usdt\6h_4/LowestMomentum_5_RSISlopes_andSmothLimit_80/50_70_/efficientfrontier/minvol/4_6h_80,0.3941023459903649,0.7101593575798196,0.021574096475870407,0.011972526930770392,-0.0342164577955148,1.3679412748145297,0.008502402033762992,6h,5
3,C:\Users\ramon\Documents\Trading\WorkingDir\binance\results\usdt\6h_4/LowestMomentum_5_RSISlopes_andSmothLimit_80/50_70_/efficientfrontier/minvol/4_6h_60,0.4149803627221944,0.7369763202222439,0.019959897004392876,0.011239119998160553,-0.0308121917658735,1.358306721450498,0.008282965298780597,6h,5
4,C:\Users\ramon\Documents\Trading\WorkingDir\binance\results\usdt\6h_4/LowestMomentum_5_RSISlopes_andSmothLimit_80/50_70_/efficientsemivariance/minsemivariance/4_6h_40,0.38518541416913477,0.7290293042739954,0.020029902305891436,0.010582875297647077,-0.0302193818009319,1.3096673671189158,0.0077152262154621,6h,5
5,C:\Users\ramon\Documents\Trading\WorkingDir\binance\results\usdt\6h_4/LowestMomentum_5_RSISlopes_andSmothLimit_80/50_70_/efficientfrontier/minvol/4_6h_40,0.36751921093289547,0.6215406306268855,0.01978451290934286,0.01169865365969664,-0.0311152786383803,1.3075908618245606,0.007271188573133371,6h,5
0,C:\Users\ramon\Documents\Trading\WorkingDir\binance\results\usdt\6h_4/LowestMomentum_5_RSISlopes_andSmothLimit_90/50_70_/efficientsemivariance/minsemivariance/4_6h_60,0.4981160376103535,0.8950983720715151,0.01907417845360852,0.010614648052588736,-0.03018222350274,1.4098238165123147,0.009501154191984256,6h,5
1,C:\Users\ramon\Documents\Trading\WorkingDir\binance\results\usdt\6h_4/LowestMomentum_5_RSISlopes_andSmothLimit_90/50_70_/efficientsemivariance/minsemivariance/4_6h_80,0.45111288450828235,0.8762498025249248,0.02052449892455481,0.010566468473103812,-0.0300033814963674,1.395959028470238,0.00925886591294306,6h,5
2,C:\Users\ramon\Documents\Trading\WorkingDir\binance\results\usdt\6h_4/LowestMomentum_5_RSISlopes_andSmothLimit_90/50_70_/efficientfrontier/minvol/4_6h_80,0.3941023459903649,0.7101593575798196,0.021574096475870407,0.011972526930770392,-0.0342164577955148,1.3679412748145297,0.008502402033762992,6h,5
3,C:\Users\ramon\Documents\Trading\WorkingDir\binance\results\usdt\6h_4/LowestMomentum_5_RSISlopes_andSmothLimit_90/50_70_/efficientfrontier/minvol/4_6h_60,0.4149803627221944,0.7369763202222439,0.019959897004392876,0.011239119998160553,-0.0308121917658735,1.358306721450498,0.008282965298780597,6h,5
4,C:\Users\ramon\Documents\Trading\WorkingDir\binance\results\usdt\6h_4/LowestMomentum_5_RSISlopes_andSmothLimit_90/50_70_/efficientfrontier/minvol/4_6h_40,0.36751921093289547,0.6215406306268855,0.01978451290934286,0.01169865365969664,-0.0311152786383803,1.3075908618245606,0.007271188573133371,6h,5
5,C:\Users\ramon\Documents\Trading\WorkingDir\binance\results\usdt\6h_4/LowestMomentum_5_RSISlopes_andSmothLimit_90/50_70_/efficientsemivariance/minsemivariance/4_6h_40,0.38270450692026436,0.7226232873603635,0.019982602762772902,0.010582875297647077,-0.0302193818009319,1.306541260524536,0.007647432137310516,6h,5
